{
    "HD 189733": {
        "ch1": {
            "alpha": 0.6000035925932725,
            "c4": 0.2795628754263871,
            "hotspot_offset": -0.6878810896792709,
            "ln_c1": 1.000064215227212,
            "ln_omega_drag": 4.3649807695985725
        },
        "ch2": {
            "alpha": 0.60000436993097,
            "c4": -1.6936925475552203e-08,
            "hotspot_offset": -0.28173386422014646,
            "ln_c1": 0.9983055244822862,
            "ln_omega_drag": 4.822324927782554
        }
    },
    "KELT-9": {
        "ch1": {
            "alpha": 0.6
        },
        "ch2": {
            "alpha": 0.5996622268812012,
            "c4": 1.0911153028467089,
            "hotspot_offset": -0.30678790673461803,
            "ln_c1": 0.999284062848507,
            "ln_omega_drag": 4.001901336826937
        }
    },
    "WASP-103": {
        "ch1": {
            "alpha": 0.5998998790748474,
            "c4": 5.11254213161024e-07,
            "hotspot_offset": -0.27073531259922695,
            "ln_c1": 1.0007047754841487,
            "ln_omega_drag": 3.915164192743649
        },
        "ch2": {
            "alpha": 0.5999781826885142,
            "c4": 1.4081411743072902e-08,
            "hotspot_offset": -0.16626710128489933,
            "ln_c1": 1.001059777426406,
            "ln_omega_drag": 3.822485400157498
        }
    },
    "WASP-12": {
        "ch1": {
            "alpha": 0.5998707026815028,
            "c4": -2.0364823060973446e-08,
            "hotspot_offset": -0.5411054327407291,
            "ln_c1": 0.9975028233276029,
            "ln_omega_drag": 3.614937537662806
        },
        "ch2": {
            "alpha": 0.5998467325648148,
            "c4": 1.9268873478372843e-08,
            "hotspot_offset": -0.17406436908371267,
            "ln_c1": 1.0015939269473864,
            "ln_omega_drag": 3.769016847145542
        }
    },
    "WASP-18": {
        "ch1": {
            "alpha": 0.601986208595557,
            "c4": 8.579001126080607e-07,
            "hotspot_offset": 0.01177734289878728,
            "ln_c1": 1.0001782905619077,
            "ln_omega_drag": 3.719780440952973
        },
        "ch2": {
            "alpha": 0.6048146399924529,
            "c4": 0.204685779147601,
            "hotspot_offset": 0.12712180553298544,
            "ln_c1": 1.006835888436313,
            "ln_omega_drag": 3.311650037054036
        }
    },
    "WASP-43": {
        "ch1": {
            "alpha": 0.5998829134807623,
            "c4": 0.23020731863077812,
            "hotspot_offset": 0.07595924198005205,
            "ln_c1": 1.0000562612771253,
            "ln_omega_drag": 4.25608133499581
        },
        "ch2": {
            "alpha": 0.5999999921153824,
            "c4": 1.3432299157801797,
            "hotspot_offset": -0.20057649206137607,
            "ln_c1": 1.0475425908325435,
            "ln_omega_drag": 3.6169451224396703
        }
    }
}