{
    "KELT-9": {
        "a": 3.1517414179993053,
        "ecc": 0.0,
        "fp": 1.0,
        "inc": 86.79,
        "limb_dark": "quadratic",
        "per": 2,
        "rp": 0.08228,
        "t0": 1,
        "t_secondary": 0,
        "u": [
            0.4,
            0.2
        ],
        "w": 90,
        "T_s": 10170,
        "rp_a": 0.026103365231455893
    },
    "Kepler-7": {
        "a": 7.261856412878397,
        "ecc": 0.0,
        "fp": 1.0,
        "inc": 85.161,
        "limb_dark": "quadratic",
        "per": 2,
        "rp": 0.08294,
        "t0": 1,
        "t_secondary": 0,
        "u": [
            0.4,
            0.2
        ],
        "w": 90,
        "T_s": 5933,
        "rp_a": 0.012776411457529915
    },
    "WASP-121": {
        "a": 3.752001399354412,
        "ecc": 0.0,
        "fp": 1.0,
        "inc": 87.6,
        "limb_dark": "quadratic",
        "per": 2,
        "rp": 0.12454,
        "t0": 1,
        "t_secondary": 0,
        "u": [
            0.4,
            0.2
        ],
        "w": 90,
        "T_s": 6459,
        "rp_a": 0.035034325756557676
    },
    "WASP-18": {
        "a": 3.3838393489241216,
        "ecc": 0.0,
        "fp": 1.0,
        "inc": 86.79,
        "limb_dark": "quadratic",
        "per": 2,
        "rp": 0.08228,
        "t0": 1,
        "t_secondary": 0,
        "u": [
            0.4,
            0.2
        ],
        "w": 90,
        "T_s": 6400,
        "rp_a": 0.028458617626567595
    },
    "WASP-12": {
        "a": 3.0000,
        "ecc": 0.0,
        "fp": 1.0,
        "inc": 83.52,
        "limb_dark": "quadratic",
        "per": 2,
        "rp": 0.1170,
        "t0": 1,
        "t_secondary": 0,
        "u": [
            0.4,
            0.2
        ],
        "w": 90,
        "T_s": 6360,
        "rp_a": 0.03990007118233116
    },
    "WASP-43": {
        "a": 4.97,
        "ecc": 0.0,
        "fp": 1.0,
        "inc": 82.109,
        "limb_dark": "quadratic",
        "per": 2,
        "rp": 0.1588,
        "t0": 1,
        "t_secondary": 0,
        "u": [
            0.4,
            0.2
        ],
        "w": 90,
        "T_s": 4400,
        "rp_a": 0.031298724462468355
    },
    "WASP-103": {
        "a": 2.978,
        "ecc": 0.0,
        "fp": 1.0,
        "inc": 86.3,
        "limb_dark": "quadratic",
        "per": 2,
        "rp": 0.1093,
        "t0": 1,
        "t_secondary": 0,
        "u": [
            0.4,
            0.2
        ],
        "w": 90,
        "T_s": 6110,
        "rp_a": 0.03678704281557126
    },
    "HD 189733": {
        "a": 8.84,
        "ecc": 0.0,
        "fp": 1.0,
        "inc": 85.71,
        "limb_dark": "quadratic",
        "per": 2,
        "rp": 0.15667,
        "t0": 1,
        "t_secondary": 0,
        "u": [
            0.4,
            0.2
        ],
        "w": 90,
        "T_s": 5052,
        "rp_a": 0.01738637436819361
    },
    "WASP-33": {
        "a": 3.571,
        "ecc": 0.0,
        "fp": 1.0,
        "inc": 86.63,
        "limb_dark": "quadratic",
        "per": 2,
        "rp": 0.1118,
        "t0": 1,
        "t_secondary": 0,
        "u": [
            0.4,
            0.2
        ],
        "w": 90,
        "T_s": 7430,
        "rp_a": 0.03185296830772086
    }
}