{
    "KELT-9": {
        "a": 3.1517414179993053,
        "ecc": 0.0,
        "fp": 1.0,
        "inc": 86.79,
        "limb_dark": "quadratic",
        "per": 2,
        "rp": 0.08228,
        "t0": 1,
        "t_secondary": 0,
        "u": [
            0.4,
            0.2
        ],
        "w": 90
    },
    "Kepler-7": {
        "a": 7.261856412878397,
        "ecc": 0.0,
        "fp": 1.0,
        "inc": 85.161,
        "limb_dark": "quadratic",
        "per": 2,
        "rp": 0.08294,
        "t0": 1,
        "t_secondary": 0,
        "u": [
            0.4,
            0.2
        ],
        "w": 90
    },
    "WASP-121": {
        "a": 3.752001399354412,
        "ecc": 0.0,
        "fp": 1.0,
        "inc": 87.6,
        "limb_dark": "quadratic",
        "per": 2,
        "rp": 0.12454,
        "t0": 1,
        "t_secondary": 0,
        "u": [
            0.4,
            0.2
        ],
        "w": 90
    },
    "WASP-18": {
        "a": 3.3838393489241216,
        "ecc": 0.0,
        "fp": 1.0,
        "inc": 86.79,
        "limb_dark": "quadratic",
        "per": 2,
        "rp": 0.08228,
        "t0": 1,
        "t_secondary": 0,
        "u": [
            0.4,
            0.2
        ],
        "w": 90
    }
}